nazwa;ticker;ISIN
WIG20;WIG20;
01CYBATON;01C;PLVCAOC00015
11BIT;11B;PL11BTS00015
2CPARTNER;2CP;PL2CPRT00030
2INTELLECT;2IT;PL2INTC00018
4FUNMEDIA;4FM;PL4FNMD00013
4MOBILITY;4MB;PLESLTN00010
5THAVENUE;5AH;PL5AVNH00013
7FIT;7FT;PLTRCPS00016
7LEVELS;7LV;PL7LVLS00017
PROMISE;PRO;PLAPNPS00017
ABPL;ABE;PLAB00000019
ABADONRE;ABA;PLVARNT00019
ABAK;ABK;PLABAK000013
ABCDATA;ABC;PLABCDT00014
ABMSOLID;ABM;PLABMSD00015
ABSINVEST;AIN;PLABSIN00012
ACAUTOGAZ;ACG;PLACSA000014
ACARTUS;ACA;PLACRTS00018
ACKERMAN;ACK;PLACKRM00010
ACREBIT;ACR;PLACREO00019
ACTION;ACT;PLACTIN00018
ADIUVO;ADV;PLADVIV00015
ADMIRAL;ADM;PLADMBT00013
ADVERTIGO;AVE;PLADMSC00013
AEDES;AED;PLAEDES00016
AFHOL;AFH;PLMNTHL00016
ARI;ARI;PLAGRIN00013
AGORA;AGO;PLAGORA00067
AGROLIGA;AGL;CY0101452114
AGROMEP;AGP;PLAGRMP00010
AGROTON;AGT;CY0101062111
AILLERON;ALL;PLWNDMB00010
AIRWAY;AWM;PLAIRWY00017
AITON;AIT;PLATCDL00013
AKCEPTFIN;AFC;PLAKCFN00013
ALCHEMIA;ALC;PLGRBRN00012
ALDA;ALD;PLALDA000010
ALEJA;ALS;PLALSMC00016
ALIOR;ALR;PLALIOR00045
ALTA;AAT;PLTRNSU00013
ALTUSTFI;ALI;PLATTFI00018
ALUMAST;ALU;PLALMST00010
ALUMETAL;AML;PLALMTL00023
AMBRA;AMB;PLAMBRA00013
AMICA;AMC;PLAMICA00010
AMPLI;APL;PLAMPLI00019
AMREST;EAT;ES0105375002
ANALIZY;AOL;PLONLIN00013
MAKORA;MRA;PLMRKHS00011
APANET;APA;PLAPANT00017
APATOR;APT;PLAPATR00018
APIS;ASA;PLHMSG000019
APLISENS;APN;PLAPLS000016
QUARKVENT;QRK;PLBIOMD00017
APSENERGY;APE;PLAPSEN00011
AQUABB;AQU;PLAQUA000014
AQUAPOZ;AQA;PLAQA0000014
AQUATECH;AQT;PLAQTCH00013
ARAMUS;ARA;PLPNCNR00010
ARCHICOM;ARH;PLARHCM00016
ARCTIC;ATC;PLARTPR00012
ARCUS;ARC;PLARCUS00040
ARENAPL;ARE;PLCRBON00018
ARKROYAL;ARK;PLANMD000014
ARRINERA;ARX;PLABNET00019
ARTERIA;ARR;PLARTER00016
ARTIFEX;ART;PLARTFX00011
ARTP;TYP;PLTLPKA00010
ASBIS;ASB;CY1000031710
ASMGROUP;ASM;PLASMGR00014
ASSECOBS;ABS;PLABS0000018
ASSECOPOL;ACP;PLSOFTB00016
ASSECOSEE;ASE;PLASSEE00014
ASSETUS;ASS;PLASSTS00012
ASTARTA;AST;NL0000686509
ASTRO;ASR;PLASTRO00013
ATAL;1AT;PLATAL000046
ATCCARGO;ATA;PLATCRG00013
ATENDE;ATD;PLATMSI00016
ATLANTAPL;ATP;PLATLPL00018
ATLANTIS;ATS;PLATLNT00016
ATLASEST;ATL;GB00B0WDBP88
ATMGRUPA;ATG;PLATM0000021
ATM;ATM;PLATMSA00013
ATONHT;ATO;PLATNHT00014
ATREM;ATR;PLATREM00017
AUGA;AUG;LT0000127466
AUTOPARTN;APR;PLATPRT00018
APS;APS;PLPOMST00012
AUXILIA;AUX;PLAXILA00018
AWBUD;AWB;PLINSTL00011
AZTEC;AZC;PLAZTEC00011
WINVEST;WIS;PLARIEL00046
BALTICINV;BCI;PLINPNT00013
BALTICON;BLT;PLBLT0000013
SANTANDER;SAN;ES0113900J37
BGZBNPP;BGZ;PLBGZ0000010
HANDLOWY;BHW;PLBH00000012
MILLENNIUM;MIL;PLBIG0000016
BOS;BOS;PLBOS0000019
PEKAO;PEO;PLPEKAO00016
BBIDEV;BBD;PLNFI1200018
BENEFIT;BFT;PLBNFTS00018
BERLING;BRG;PLBRLNG00015
BBINWEST;BBA;PLBBCLS00017
BEST;BST;PLBEST000010
BETACOM;BCM;PLBTCOM00016
BINARY;BHX;PLBNRHL00013
BIOPLANET;BIP;PLBIOPL00013
BIOERG;BER;PLBIORG00019
BIOFACTOR;BFC;PLBFCTR00013
BIOGENED;BGD;PLBIOGN00018
BIOMASS;BEP;PLBMSEP00011
BIOMAXIMA;BMX;PLBIOMX00015
BIOMEDLUB;BML;PLBMDLB00018
BIOTON;BIO;PLBIOTN00029
BITEVIL;BIT;PLBTEVL00019
BIK;BIK;PLBIKPT00014
BIZTECH;BTK;PLBZTKN00013
BLACKPOIN;BPN;PLBLKPT00018
BLIRT;BLR;PLBLIRT00018
BLKCHNLAB;BTC;PLDMNMN00016
BLOOBER;BLO;PLBLOBR00014
BLUETAX;BTG;PLBLTXG00010
BLUMERANG;BLU;PLBLMPI00017
BOA;BOA;PLDRKND00010
BORUTA;BRU;PLBRTZM00010
BORYSZEW;BRS;PLBRSZW00011
BOWIM;BOW;PLBOWM000019
BPX;BPX;PLDOMEX00010
BRAND24;B24;PLBRN2400013
BRAS;BSA;PLINVNT00011
BRASTER;BRA;PLBRSTR00014
BAHOLDING;BAH;PLMRVPL00016
BROADGATE;BDG;PLBRDGT00019
CZARNKOW;BRO;PLBRWRG00013
BSCDRUK;BSC;PLBSCDO00017
BUDIMEX;BDX;PLBUDMX00013
BUDOPOL;BDL;PLBDPWR00014
BUMECH;BMC;PLBMECH00012
BUWOG;BWO;AT00BUWOG001
BVT;BVT;PLBVTSA00012
BYTOM;BTM;PLBYTOM00010
CALATRAVA;CTC;PLBRSTM00015
CALESCO;CLS;PLCLESC00019
CCTOOLS;CCT;PLCCTLS00017
CAMBRIDGE;CAM;PLCCHT000014
CPGROUP;CPG;PLCPPRK00037
CAPITAL;CPA;PLCPTLP00015
CASPAR;CSR;PLCSPAM00017
CCC;CCC;PLCCC0000016
CDPROJEKT;CDR;PLOPTTC00011
CDRL;CDL;PLCDRL000043
CLNPHARMA;CLN;PLCLNPH00015
CTE;CTE;PLCNSPR00019
CFSA;CFS;PLCFBPS00019
ENELMED;ENE;PLENLMD00017
CNT;CNT;PLERGPL00014
CWPE;CWP;PLCWPE000017
VELTO;VEL;PLVELTO00012
CENTURION;CTF;PLSTRGM00014
NOWAGALA;CNG;PLCRMNG00029
CEREALPLT;CRP;CY0103021610
CEZ;CEZ;CZ0005112300
CFI;CFI;PLINTKS00013
CHEMOS;CHS;PLCHMDW00010
CHERRY;CHP;PLCHRPK00018
CIGAMES;CIG;PLCTINT00018
CIASTZKRA;CZK;PLTABLO00012
CIECH;CIE;PLCIECH00018
CITYSERV;CTS;EE3100126368
CCENERGY;CCE;PLKAREN00014
CLOUD;CLD;PLCLDTC00019
COALENERG;CLE;LU0646112838
COGNOR;COG;PLCNTSL00014
COLUMBUS;CLC;PLSTIGR00012
COMARCH;CMR;PLCOMAR00012
COMECO;CMC;PLCOMEC00016
COMP;CMP;PLCMP0000017
COMPERIA;CPL;PLCOMPR00010
COMPRESS;COM;PLCMPRS00011
LIBERTY;LTG;PLLBRTG00012
COPERNIC;CRS;PLCPRSC00012
CORELENS;COR;PLCRLNS00018
CELTIC;CPD;PLCELPD00013
CFG;CFG;PLCRFRG00016
CREEPYJAR;CRJ;PLCRPJR00019
CSY;CSY;PLCSYSA00016
CUBEITG;CTG;PLMCINT00013
CWA;CWA;PLCWA0000018
CCS;CCS;PLCCS0000012
CYFRPLSAT;CPS;PLCFRPT00013
CZTOREBKA;CZT;PLCRWTR00022
DAMFINW;DIN;PLFLYPL00017
DANKS;DNS;PLDANKS00014
DATAWALK;DAT;PLPILAB00012
DECORA;DCR;PLDECOR00013
DEKPOL;DEK;PLDEKPL00032
DEKTRA;DKR;PLDKTRA00013
DELKO;DEL;PLDELKO00019
DENTAMDC;DAM;PLDNTMD00012
DEVORAN;DEV;PLVGUAR00011
DGA;DGA;PLDGA0000019
DIGITAL;DGL;PLDGTAV00013
DINOPL;DNP;PLDINPL00011
DCD;DCD;PLTERRA00016
DOMDEV;DOM;PLDMDVL00012
DOMLEK;DLK;PLDMLKR00023
IDMSA;IDM;PLIDMSA00044
DOOK;DOK;PLDOOK000019
DRFINANCE;DRF;PLDRD2400010
DREWEX;DRE;PLDREWX00012
DROP;DRP;PLDROP000011
DROZAPOL;DPL;PLDRZPL00032
EASTSIDE;ESC;PLEENRG00014
EASYCALL;ECL;PLESCLL00010
EBC;EBC;PLEBCSL00011
EC2;EC2;PLEC20000010
ECHO;ECH;PLECHPS00019
ECOTECH;ECO;PLECTPL00019
EDINVEST;EDI;PLEDINV00014
EDISON;EDN;PLEDSON00018
EFIXDM;EFX;PLEFIX000012
EKIOSK;EKS;PLEKOSK00019
EKOEXPORT;EEX;PLEKEP000019
EKOBOX;EBX;PLEKOBX00018
EKOPOL;EGH;PLEKPLG00019
ECERAMICS;ECR;PLGPFCS00018
ELBUDOWA;ELB;PLELTBD00017
BEDZIN;BDZ;PLECBDZ00013
EMONT;ELM;PLEKTRM00016
ELEKTROTI;ELT;PLELEKT00016
ELEMENTAL;EMT;PLELMTL00017
ELKOP;EKP;PLELKOP00013
ELQ;ELQ;PLIPOSA00010
EMCINSMED;EMC;PLEMCIM00017
EMMERSON;EMM;PLEMRSN00012
EMUZYKA;EMU;PLEMZKA00019
ENEA;ENA;PLENEA000013
ESTAR;EST;HU0000089198
ENERGA;ENG;PLENERG00022
ENAP;ENP;PLENAP000010
ENERGOINS;ENI;PLERGIN00015
ENTER;ENT;PLENTER00017
EONET;EON;PLEONTW00016
ERBUD;ERB;PLERBUD00012
ERG;ERG;PLERGZB00014
ERGIS;EGS;PLEUFLM00017
ERNE;ERN;PLVENO000016
ESKIMOS;ESK;PLESKMS00016
ESOTIQ;EAH;PLESTHN00018
ESSYSTEM;ESS;PLESSYS00030
EUROCASH;EUR;PLEURCH00011
EUROHOLD;EHG;BG1100114062
VISION;VIV;PLVRTLV00019
EFENERGII;EFE;PLINTRW00028
EUCO;EUC;PLERPCO00017
EUROSNACK;ECK;PLERSNK00016
ERS;ERS;PLEURSS00014
EUROTAX;ETX;PLEURTX00012
EUROTEL;ETL;PLERTEL00011
EVEREST;EVE;PLWDMCP00013
EXAMOBILE;EXA;PLEXMBL00010
EXCELLENC;EXC;PLEXCLN00016
SNIEZKA;SKA;PLSNZKA00033
FABRYKAKD;FKD;PLFKDRW00016
RAFAMET;RAF;PLRFMET00016
FASING;FSG;PLFSING00010
FORTE;FTE;PLFORTE00012
FACHOWCY;FAV;PLFCHVT00012
FAMUR;FMF;PLFAMUR00012
FASTFIN;FFI;PLFSTFC00012
FDGAMES;FDG;PLSITE000013
FEERUM;FEE;PLFEERM00018
FENGHUA;FGT;DE000A13SX89
FERRO;FRO;PLFERRO00016
FERRUM;FER;PLFERUM00014
FMG;FMG;PLTHP0000011
AUTOSPA;ASP;PLAUTSP00014
FINHOUSE;FIN;PLFINHS00018
FINTECH;FTH;PLJRSDB00015
DEBICA;DBC;PLDEBCA00016
FITEN;FTN;PLFITEN00013
FLUID;FLD;PLFLUID00017
FON;FON;EE3100143108
BETOMAX;BTX;PLBETMX00013
FOREVEREN;FOR;PLFRENT00014
FORPOSTA;FPO;PLFRPST00019
FTIPROFIT;FTI;PLFTPRF00016
FHDOM;FHD;PLFHDOM00010
GALVO;GAL;PLGALVO00017
GENRG;GNG;PLELKPE00014
GENOMED;GEN;PLGNOMD00024
GEOTERM;GTP;PLGTRMP00010
GEOTRANS;GTS;PLGEOTR00010
GEOTREKK;GTK;PLPLMKR00019
GETBACK;GBK;PLGTBCK00297
GETIN;GTN;PLGSPR000014
GETINOBLE;GNB;PLGETBK00012
GPW;GPW;PLGPW0000017
VINDEXUS;VIN;PLVNDEX00013
GINOROSSI;GRI;PLGNRSI00015
GKSKAT;GKS;PLGKS0000016
GLGPHARMA;GLG;PLM100000014
GLCOSMED;GLC;PLGLBLC00011
GLOBALTR;GTR;PLGLBLT00015
GPRE;GPR;NL0012235980
GTC;GTC;PLGTC0000037
GOTFI;GTF;PLGOTFI00016
GOBARTO;GOB;PLDUDA000016
GOLAB;GOL;PLGOLAB00019
GORENJE;GRV;SI0031104076
GOVENA;GOV;PLGVNLT00019
GPPI;GPP;PLGPPIK00011
GRAVITON;GRT;PLWDM0000029
GRMEDIA;GME;PLGRMID00019
GREMPCO;GRM;PLGRMPC00016
GROCLIN;GCN;PLINTGR00013
GRODNO;GRN;PLGRODN00015
GRUPAAZOTY;ATT;PLZATRM00012
PULAWY;ZAP;PLZAPUL00057
POLICE;PCE;PLZCPLC00036
GRUPAEMM;GEM;PLEMRCP00011
GRUPAHRC;HRC;PLGRHRC00012
IMMOBILE;GKI;PLMAKRM00019
KETY;KTY;PLKETY000011
LOTOS;LTS;PLLOTOS00025
GRUPAREC;GRC;PLRCKL000010
GTRINITY;GTY;PLGTRNT00010
ZYWIEC;ZWC;PLZYWIC00016
GWARANT;GWR;PLGWRNT00014
HARPER;HRP;PLHRPHG00023
HEFAL;HEF;PLHFLSW00013
HELIO;HEL;PLHELIO00014
HERKULES;HRS;PLZRWZW00012
HETAN;HTN;PLHTNTH00019
HMINWEST;HMI;PLHMINW00016
HOLLYWOOD;HLD;PLHOLWD00017
HORNIGOLD;HRL;PLMBLPR00018
HORTICO;HOR;PLHRTIC00014
HOTBLOK;HOT;PLHOTB000011
HUBSTYLE;HUB;PLGRNKT00019
HGAMES;HBG;PLHCKLG00010
HURTIMEX;HRT;PLHRTIM00013
HYDRAPRES;HPS;PLHDRAP00017
AERFINANC;AER;GB00B42V2T10
HYPERION;HYP;PLHPRON00017
I2DEV;I2D;PLI2DVL00014
I3D;I3D;PLI3D0000011
IAI;IAI;PLIAI0000014
IBCPOLSKA;IBC;PLIBCPL00018
IBSM;IBS;PLPLPGR00010
ICPGROUP;ICP;PLICPGR00014
IDEABANK;IDA;PLIDEAB00013
IDEON;IDE;PLCNTZP00010
IDH;IDH;PLICI0000010
IFIRMA;IFI;PLPWRMD00011
IFM;IFM;PLINVFM00012
IFUN4ALL;IF4;PLIFN4L00018
IGORIA;IGT;PLIGRTR00014
IMAGIS;IMG;PLIMAGS00013
IMCOMPANY;IMC;LU0607203980
IIAAV;IIA;AT0000A21KS2
IMPEL;IPL;PLIMPEL00011
IMPERA;IMP;PLNFI0700018
IMPEXMET;IPX;PLIMPXM00019
IMS;IMS;PLINTMS00019
INBOOK;INB;PLINBOK00010
INC;INC;PLINCLT00015
INCANA;ICA;PLINCNA00011
INDATA;IDT;PLTROMD00010
INDOS;INS;PLINDOS00035
INDYGO;IDG;PLLSTIA00018
INDYKPOL;IND;PLINDKP00013
INFOSCAN;IST;PLINFSC00019
INFRA;IFA;PLINFRA00015
INGBSK;ING;PLBSK0000017
INNOGENE;IGN;PLINNGN00015
INPRO;INP;PLINPRO00015
INSTALKRK;INK;PLINSTK00013
ISIAG;ISG;PLINSAG00011
INTELIWIS;ITL;PLITLWS00012
INTERCARS;CAR;PLINTCS00010
INTERAOLT;IRL;LT0000128621
INTERBUD;ITB;PLINTBD00014
ICPD;ICD;BG1100018057
BPC;BPC;PLBLKPC00014
INTERFERI;INF;PLINTFR00023
ITMTRADE;ITM;PLBRIJU00010
PROVIDENT;IPF;GB00B1YKG049
IU;IUS;PLINTUN00013
INTERNITY;INT;PLINTNT00015
INTERSPPL;IPO;PLINTSP00038
INTROL;INL;PLINTRL00013
INVENTION;INM;PLCDE0000010
INVESTEKO;IVE;PLIVSTK00016
IFCAPITAL;IFC;EE3100143041
IFSA;IFR;EE3100143033
INVISTA;INV;PLECMNG00019
INWESTPL;INW;PLINSTC00010
IPODS;IOD;PLIPODS00014
IPOPEMA;IPE;PLIPOPM00011
IQP;IQP;PLIQPRT00017
IZOBLOK;IZB;PLIZBLK00010
IZOLACJA;IZO;PLIZCJR00017
IZOSTAL;IZS;PLIZSTL00015
JWCONSTR;JWC;PLJWC0000019
JSW;JSW;PLJSW0000015
JHMDEV;JHM;PLJHMDL00018
JJAUTO;JJO;DE000A1TNS70
JRHOLDING;JRH;PLJRINV00013
JUJUBEE;JJB;PLJJBEE00028
JWA;JWA;PLJWASA00013
JWWINVEST;JWW;PLJWWNT00018
KKHERBAL;KKH;PLKKHRB00011
K2INTERNT;K2I;PLK2ITR00010
KME;KME;PLMDIUS00018
KANCELWEC;KPI;PLKPWEC00015
KBJ;KBJ;PLKBJ0000016
KCI;KCI;PLPONAR00012
KDMSHIPNG;KDM;CY0102492119
KERNEL;KER;LU0327357389
KGHM;KGH;PLKGHM000017
KINOPOL;KPL;PLKNOPL00014
KLON;KLN;PLKLON000010
KOFAMA;KFM;PLKFMKZ00015
KOMPUTRON;KOM;PLKMPTR00012
KONSSTALI;KST;PLKCSTL00010
KORBANK;KOR;PLKRBNK00019
KBDOM;KBD;PLTRAST00020
EFEKT;EFK;PLEFEKT00018
KGL;KGL;PLKRKGL00012
KPPD;KPD;PLKPPD000017
KRAKCHEM;KCH;PLKRKCH00019
KREDYTIN;KRI;PLKRINK00014
KREZUS;KZS;PLNFI0200019
KRKA;KRK;SI0031102120
KRUK;KRU;PLKRK0000010
KRVITAMIN;KVT;PLKRVTM00010
KREC;KRC;PLKRNRC00012
KSGAGRO;KSG;LU0611262873
KUPIEC;KPC;PLKUPIC00010
LABOPRINT;LAB;PLLBPRT00013
LANGLOO;LAN;PLLANGL00010
LARK;LRK;PLPPWK000014
LARQ;LRQ;PLCAMMD00032
LAURENPES;LPS;PLLRPSP00015
LCCORP;LCC;PLLCCRP00017
LENA;LEN;PLLENAL00015
LENTEX;LTX;PLLENTX00010
LETUS;LET;PLGDVIS00018
LIBET;LBT;PLLBT0000013
LIVECHAT;LVC;PLLVTSF00010
LKDESIGN;LKS;PLLKDGS00015
LGTRADE;LGT;PLLGNTD00017
LOGZACT;LGZ;PLLGZCT00013
LOKATYBUD;LBD;PLFBRD000018
LOKUM;LKD;PLLKMDW00049
LPP;LPP;PLLPP0000011
LSISOFT;LSI;PLLSSFT00016
LUBAWA;LBW;PLLUBAW00013
BOGDANKA;LWB;PLLWBGD00016
LUG;LUG;PLLUG0000010
LUKARDI;LUK;PLSAP0000018
LUXIMA;LUX;PLLUXIM00011
LZMO;LZM;PLLZMO000014
MFOOD;MFD;PLMDVLP00016
MWTRADE;MWT;PLMWTRD00013
M4B;M4B;PLM4B0000017
MABION;MAB;PLMBION00016
MGAMES;MGS;PLMRCGM00013
MADKOM;MAD;PLMADKM00019
06MAGNA;06N;PLNFI0600010
MAKARONPL;MAK;PLMKRNP00015
MAKOLAB;MLB;PLMKLAB00023
MALKOWSKI;MMA;PLMLKMR00016
MANGATA;MGT;PLZTKMA00017
MBWS;MBW;FR0000060873
MARKA;MRK;PLMARKA00014
MARSOFT;MAR;PLMRSFT00016
MARVIPOL;MVP;PLMRVDV00011
MASTERPHA;MPH;PLMSTPH00016
SPAC1;SP1;PLIBZIC00013
MAXCOM;MXC;PLMXCMS00016
MAXIMUS;MAX;PLMAXMS00010
MAXIPIZZA;MXP;PLMXPZZ00015
MBANK;MBK;PLBRE0000012
MBFGROUP;MBF;PLMBFCR00018
MCI;MCI;PLMCIMG00012
MDIENERGIA;MDI;PLNFI1000012
MEDAPP;MDA;PLYLWHT00012
MEDARD;MRD;PLVENIT00010
MEDCAMP;MDP;PLTCHPR00019
MEDGALIC;MGC;PLMDGLC00015
MEDIACAP;MCP;PLEMLAB00018
MEDIANPOL;MDN;PLMDNPL00013
MEDIATEL;MTL;PLSMMDA00012
GENERGY;GNR;PLDVCOM00018
MEDICALG;MDG;PLMDCLG00015
MEDINICE;ICE;PLMDNCE00016
MEGASONIC;MGA;PLMGSNC00019
MEGARON;MEG;PLMGRON00016
MENNICA;MNC;PLMNNCP00011
MENNICASK;MNS;PLGRMNK00014
MERA;MER;PLMERA000019
MERCATOR;MRC;PLMRCTR00015
MERCOR;MCR;PLMRCOR00016
MERIT;MEI;PLMRTIN00011
MERLINGRP;MRG;PLADMSV00013
METROPOLIS;MRS;PLINDXM00013
MEXPOLSKA;MEX;PLMEXPL00010
MFO;MFO;PLMFO0000013
MGMSYS;MGM;PLMGMST00015
MIDVEN;MID;PLMIDVN00017
MILESTONE;MMD;USU6005B1045
MILKILAND;MLK;NL0009508712
MILKPOL;MLP;PLMLKPL00012
MINERAL;MND;PLMNRLM00010
MINOX;MNX;PLMINOX00010
MIRACULUM;MIR;PLKLSTN00017
MIRBUD;MRB;PLMRBUD00015
MLSYSTEM;MLS;PLMLSTM00015
MLPGROUP;MLG;PLMLPGR00017
MMCPL;MMC;PLMMCNF00014
MOBIMEDIA;MMS;PLARTBM00013
MOBRUK;MBR;PLMOBRK00013
MODE;MOE;PLMODE000019
MODECOM;MOD;PLMDCOM00017
MODERNCOM;MCE;PLAIRMK00017
LSTECHHOM;LSH;PLLSTHM00015
MOJ;MOJ;PLMOJ0000015
MOL;MOL;HU0000153937
MOMO;MOM;PLMOMO000016
MONNARI;MON;PLMNRTR00012
MOSTALPLC;MSP;PLMSTPL00018
MOSTALWAR;MSW;PLMSTWS00019
MOSTALZAB;MSZ;PLMSTZB00018
MOTORICUS;MTR;PLOPONX00011
MOVIEGAMES;MOV;PLMVGMS00011
MPAY;MPY;PLMPAY000017
MPLVERBUM;VER;PLMPLVR00016
HAMBURGER;MRH;PLLSNRN00015
MTRANS;MTS;PLMTRNS00010
MUZA;MZA;PLMUZA000019
GREENENER;GRE;PLDBBGR00017
MORIZON;MZN;PLMORZN00016
NANOGROUP;NNG;PLNNGRP00011
NAVIMORIN;NIN;PLNVMRI00017
NEPTIS;YAN;PLNEPTS00011
NESTMEDIC;NST;PLNSTMD00010
NETIA;NET;PLNETIA00014
NETMEDIA;NEM;PLNTMDA00018
NETWISE;NTW;PLNETWS00017
NEUCA;NEU;PLTRFRM00018
NEWWORLDR;NWR;GB00B42CTW68
NEWAG;NWG;PLNEWAG00012
NEXTBIKE;NXB;PLNXTBK00018
NORTCOAST;NCT;PLNRTHC00014
NOTORIA;NTS;PLNTRSW00019
NOVATURAS;NTU;LT0000131872
NOVAVIS;NVV;PLNVVIS00016
NOVINA;NOV;PLBABY000016
NOVITA;NVT;PLNVITA00018
NFPL;NFP;PLNWCFR00012
NTTSYSTEM;NTT;PLNTSYS00013
NWAI;NWA;PLNWAI000017
08OCTAVA;08N;PLNFI0800016
ODLEWNIE;ODL;PLODLPL00013
OEX;OEX;PLTELL000023
OAT;OAT;PLONCTH00011
ONEMORE;OML;PLLSRMD00018
ONICO;ONC;PLONCTR00028
OPENFIN;OPF;PLOPNFN00010
OPONEO.PL;OPN;PLOPNPL00013
OPTEAM;OPM;PLOPTEM00012
OPTIZENLB;OPT;PLTLCMD00018
ORANGEPL;OPL;PLTLKPL00017
ORBIS;ORB;PLORBIS00014
ORCOGROUP;OPG;LU0122624777
ORGANIC;ORG;PLORGNK00010
ORION;ORN;PLORION00018
ORPHEE;ORP;CH0197761098
ORZBIALY;OBL;PLORZBL00013
ORZLOPONY;ORL;PLORZL000019
OTLOG;OTS;PLODRTS00017
OUTDOORZY;OUT;PLOUTDR00013
OVOSTAR;OVO;NL0009805613
PANOVA;NVA;PLPANVA00013
PAMAPOL;PMP;PLPMPOL00031
PARCELTEC;PTE;PLBMRNG00013
PARTNER;PRN;PLPRNRH00010
PASSUS;PAS;PLPSSUS00018
PATFUND;PFD;PLWKPRK00010
PATENTUS;PAT;PLPTNTS00019
PBG;PBG;PLPBG0000029
PBSFINANSE;PBF;PLBEFSN00010
PCGUARD;PCG;PLGUARD00019
PCCEXOL;PCX;PLPCCEX00010
PCCROKITA;PCR;PLPCCRK00076
PEIXIN;PEX;NL0010577052
PFMEDICAL;PFM;PLGURDR00013
PETROLINV;OIL;PLPTRLI00018
PFLEIDER;PFL;PLZPW0000017
PGE;PGE;PLPGER000010
PGO;PGO;PLPGO0000014
PGSSOFT;PSW;PLSFTWR00015
PHARMENA;PHR;PLPHRMN00011
PHIWIERZY;PHI;PL71MDA00018
PHOTON;PEN;NL0010391108
PIK;PIK;PLPIK0000018
PKPCARGO;PKP;PLPKPCR00011
PLGROUP;PLG;PLRAJDY00015
PLANETINN;PIG;PLPLNTS00016
PLASMA;PSM;PLPLSMS00010
PLATIGE;PLI;PLPTGMG00013
PLATYNINW;PIW;PLADDRG00015
PLAY;PLY;LU1642887738
PLAYWAY;PLW;PLPLAYW00015
PLAZACNTR;PLZ;NL0011882741
PEMUG;PMG;PLPEMUG00016
PMPG;PGM;PLPEKPL00010
POINTPACK;PNT;PLPNTPK00014
PEP;PEP;PLPLSEP00013
POLIMEXMS;PXM;PLMSTSD00019
POLMAN;PLM;PLPOLMN00010
POLNORD;PND;PLPOLND00019
PGPPOLONI;PGP;PLPAR0000010
POLMT;PME;PLPOLMT00017
PBKM;BKM;PLPBKM000012
PHN;PHN;PLPHN0000014
PKNORLEN;PKN;PLPKN0000018
PGNIG;PGN;PLPGNIG00014
PTWP;PTW;PLPTWP000015
POLTRONIC;PTN;PLPLTRN00018
POLWAX;PWX;PLPOLWX00026
PKOBP;PKO;PLPKO0000016
PZU;PZU;PLPZU0000011
POZBUD;POZ;PLPZBDT00013
PEKABEX;PBX;PLPKBEX00072
PRAGMAFA;PRF;PLGFPRE00040
PRAGMAINK;PRI;PLPRGNK00017
PRAIRIE;PDZ;AU000000PDZ2
PREMIUMF;PMF;PLSMOKS00015
PRESENT24;P24;PLPRS2400012
PRESTO;PST;PLPRSTO00011
PRIMAMODA;PMA;PLPRMMD00012
KLEBAINV;KIN;PLWTTMN00075
PBGAMES;PBT;PLPRMBG00018
PCM;PCM;PLPRMCM00048
PRIME;PMT;PLCRTCP00010
PRIMETECH;PTH;PLKOPEX00018
PEMANAGER;PEM;PLPREQM00011
PROCAD;PRD;PLPRCAD00018
PROCHEM;PRM;PLPRCHM00014
PROJPRZEM;PJP;PLPROJP00018
PROLOG;PRL;PLPROLG00013
PROPERTYF;PLE;PLLSGEX00016
PROTEKTOR;PRT;PLLZPSK00019
PROCHNIK;PRC;PLPRCHK00018
PRYMUS;PRS;PLPRMUS00013
BALTONA;BAL;PLBALTN00014
HYDROTOR;HDR;PLHDRTR00013
REMAK;RMK;PLREMAK00016
WADEX;WAX;PLWADEX00018
KOMPAP;KMP;PLKOMPP00017
PREFABET;PBB;PLPRFBT00015
PEPEES;PPS;PLPEPES00018
EKOPARK;EPR;PLPRIPK00018
TELGAM;TLG;PLPTLTG00018
PLASTBOX;PLX;PLPSTBX00016
PURE;PUR;PLPRBLG00010
PYLON;PYL;PLPYLON00015
CORMAY;CRM;PLCMRAY00029
QUANTUM;QNT;PLQNTUM00018
QUART;QRT;PLQRTDV00016
QUBICGMS;QUB;PLQBCGM00018
QUERCUS;QRS;PLQRCUS00012
QUMAK;QMK;PLQMKSK00017
R22;R22;PLR220000018
RADPOL;RDL;PLRDPOL00010
RAFAKO;RFK;PLRAFAK00018
RAINBOW;RBW;PLRNBWT00031
RANKPROGR;RNK;PLRNKPR00014
RAWLPLUG;RWL;PLKLNR000017
READGENE;RDG;PLRADGN00014
REVITUM;REV;PLRVTUM00019
REDAN;RDN;PLREDAN00019
REDWOOD;RWD;PLCMPLX00014
REGNON;REG;PLPRNTC00017
REINHOLD;RHD;SE0001856519
RELPOL;RLP;PLRELPL00014
REMEDIS;REM;PLREMDS00021
REMORSOL;RSP;PLAGRTR00011
RESBUD;RES;EE3100142985
ROBINSON;RBS;PLRBSNE00015
ROCCA;RCA;PLROCCA00013
RONSON;RON;NL0006106007
ROTOPINO;ROT;PLMRKTC00010
ROVITA;ROV;PLRVITA00019
RSY;RSY;PLRSYSA00014
RUBICON;RBC;PLNFI0500012
RUCHCHORZ;RCW;PLRCHZW00012
S4E;S4E;PLS4E0000015
SADOVAYA;SGR;LU0564351582
SAKANA;SKN;PLSAKAN00010
SANOK;SNK;PLSTLSK00016
SANPL;SPL;PLBZ00000044
SANWIL;SNW;PLSANWL00012
SAPLING;SAP;PLSPLNG00013
SARE;SAR;PLSARE000013
IALBGR;IAG;PLADVPL00029
SCOPAK;SCO;PLSCOPK00012
SCPFL;SCP;PLSCPFL00018
SECOGROUP;SWG;PLWRWCK00013
SEKO;SEK;PLSEKO000014
SELENAFM;SEL;PLSELNA00010
SELVITA;SLV;PLSELVT00013
SERINUS;SEN;JE00BF4N9R98
SESCOM;SES;PLSESCM00013
SETANTA;SET;PLSNTFG00017
SEVENET;SEV;PLSVNET00019
SFD;SFD;PLSFD0000013
SFERANET;SFN;PLSFRNT00014
SFINKS;SFS;PLSFNKS00011
SILVAIR-REGS;SVRS;USU827061099
SILVANO;SFG;EE3100001751
SIMPLE;SME;PLSIMPL00011
SKARBIEC;SKH;PLSKRBH00014
SFKPOLKAP;SFK;PLSFKPL00011
SKOTAN;SKT;PLSKTAN00010
SKYLINE;SKL;PLSKLNW00011
SLEEPZAG;SLZ;DE000A2E3772
SMSKREDYT;SMS;PLSMSKH00019
SOFTBLUE;SBE;PLSFTBL00012
SOHODEV;SHD;PLNFI0400015
SOLAR;SOL;PLSLRCP00021
SONEL;SON;PLSONEL00011
SOPHARMA;SPH;BG11SOSOBT18
SPARKVC;SPK;PLRKLMF00010
STALEXP;STX;PLSTLEX00019
STALPROD;STP;PLSTLPD00017
STALPROFI;STF;PLSTLPF00012
STANDREW;STD;PLSTNDR00019
STARFIT;SFI;PLSTRFT00011
STARHEDGE;SHG;PLHRDEX00021
STELMET;STL;PLSTLMT00010
STEMCELLS;SCS;PLSTCLS00013
STOPKLA;STK;PLSTPKL00012
STOPPOINT;STO;PLPRKLS00016
SUMMALING;SUL;PLSMLNG00010
SUNEX;SNX;PLSUNEX00013
SUNTECH;SUN;PLSNTCH00012
SURFLAND;SSK;PLSFLND00011
SUWARY;SUW;PLSUWAR00014
SWISSMED;SWD;PLSWMED00013
SYGNITY;SGN;PLCMPLD00016
SYMBIO;SYM;PLSMBI000013
SYNEKTIK;SNT;PLSNKTK00019
SYNERGA;SNG;PLMWTNS00010
SZAR;SZR;PLSZAR000018
SLASKIEKA;SLK;PLSLKAM00019
TALANX;TNX;DE000TLX1005
TALEX;TLX;PLTALEX00017
TAMEX;TOS;PLTAMEX00015
TARCZYNSKI;TAR;PLTRCZN00016
TATRY;TMR;SK1120010287
TAURONPE;TPE;PLTAURN00011
TAXNET;TXN;PLTAXNT00011
TAXUSFUND;TXF;PLTXSFN00012
TBULL;TBL;PLTBULL00024
TECHINVGR;TIG;PLPBLIA00012
TECHMADEX;TDX;PLTHMDX00012
TELEHORSE;TLH;PLBLOCM00013
TELEMEDPL;TMP;PLTLMDC00018
TELESTO;TLO;PLTELST00017
TELESTR;TLS;PLTLSTD00019
TELIANI;TLV;PLTLVPL00014
TSGAMES;TEN;PLTSQGM00016
TERMO2PWR;T2P;PLTRMPR00017
TERMOEXP;TME;PLTRMEX00019
TERMOREX;TRR;PLTRMRX00011
TESGAS;TSG;PLTSGS000019
THEDUST;THD;PLTHDST00017
FARM51;F51;PLFRMGR00015
TIM;TIM;PLTIM0000016
TORPOL;TOR;PLTORPL00016
TOWERINVT;TOW;PLTWRNV00013
TOYA;TOA;PLTOYA000011
TRAKCJA;TRK;PLTRKPL00014
TRANSPOL;TRN;PLTRNSP00013
TRITON;TRI;PLASMOT00030
TXM;TXM;PLTXM0000015
UHYECA;ECA;PLAUXLM00026
ULMA;ULM;PLBAUMA00017
ULTGAMES;ULG;PLULTGM00013
UNIBEP;UNI;PLUNBEP00015
UNICREDIT;UCG;IT0005239360
UNIFIED;UFC;PLDTBRK00037
UNIMA;U2K;PLUNMST00014
UNIMOT;UNT;PLUNMOT00013
UNITED;UTD;PLSTCKI00016
URSUS;URS;PLPMWRM00012
VABUN;VAB;PLVBN0000015
VAKOMTEK;VKT;PLVKMTK00015
VANTAGE;VTG;PLVTGDL00010
VARSAV;VAR;PLYORIM00019
VCP;VCP;PLVNTCP00019
VENTUREIN;VTI;PLVNTIN00011
VERBICOM;VRB;PLVRBCM00015
VERTE;VTE;PLVERTE00010
VIATRON;VIA;PLVTRON00010
VIDIS;VDS;PLVIDIS00014
VIGOSYS;VGO;PLVIGOS00015
VISTAL;VTL;PLVTLGD00010
VIVID;VVD;PLVVDGM00014
VOICETEL;VOI;PLVCTCM00019
VOTUM;VOT;PLVOTUM00016
VOXEL;VOX;PLVOXEL00014
VISTULA;VST;PLVSTLA00011
WARIMPEX;WXF;AT0000827209
WASKO;WAS;PLHOGA000041
WAWEL;WWL;PLWAWEL00013
WDBBU;WDB;PLWDBBU00018
WBAY;WBY;PLWLTHB00010
WERTHHOLZ;WHH;PLWRTHL00016
WESTREAL;WRE;PLWREST00018
WIELTON;WLT;PLWELTN00012
WIERZYCL;WRL;PLWRZCL00014
WIKANA;WIK;PLELPO000016
WILBO;WLB;PLWILBO00019
WIRTUALNA;WPL;PLWRTPL00027
;;PLWSTIL00012
WITTCHEN;WTN;PLWTCHN00030
WODKAN;WOD;PLWDKAN00016
WOJAS;WOJ;PLWOJAS00014
WOLFSTF;WTF;PLGRPHC00016
WORKSERV;WSE;PLWRKSR00019
XPLUS;XPL;PLXPLUS00013
XTPL;XTP;PLXTPL000018
XTB;XTB;PLXTRDM00011
YOLO;YOL;PLPRESC00018
ZREMB;ZRE;PLZBMZC00019
ROPCZYCE;RPC;PLROPCE00017
KANIA;KAN;PLIZNS000022
OTMUCHOW;OTM;PLZPCOT00018
KRUSZWICA;KSW;PLKRUSZ00016
ELZAB;ELZ;PLELZAB00010
STAPORKOW;ZUK;PLSTPRK00019
ZAMET;ZMT;PLZAMET00010
ZASTAL;ZST;PLZSTAL00012
KOGENERA;KGN;PLKGNRC00015
ZEPAK;ZEP;PLZEPAK00012
ZPUE;PUE;PLZPUE000012
ZUE;ZUE;PLZUE0000015
